User,Rating,Comment,Date,Source
John Doe,5,Excellent service and amazing staff! The application loads extremely fast and the modern UI is beautiful.,2026-06-01,Google Reviews
Jane Smith,4,Very solid product. Had a minor issue with uploading large files but customer support helped resolve it quickly.,2026-06-02,App Store
Bob Johnson,1,Worst experience ever. The interface keeps crashing and there is a total lack of support. Don't waste your money.,2026-06-03,Tripadvisor
Alice Williams,,Average performance. It gets the job done but the UX feels a bit dated and could use more templates.,2026-06-04,Google Reviews
Charlie Brown,2,Pretty disappointed. The system is extremely slow to compile results and features are missing.,2026-06-05,ProductHunt
Emily Davis,5,Absolutely love using this platform! It has completely transformed our review analytics workflow.,2026-06-06,G2
Frank Miller,3,It is okay but could be much better. Hoping they fix the performance lag in the next update.,2026-06-07,Capterra
Grace Wilson,,Amazing utility. Very pleased with the automatic parsing features. Highly recommend to everyone!,2026-06-08,App Store
Henry Taylor,1,Terrible. Customer support was useless and the pricing is way too high for what they offer.,2026-06-09,Google Reviews
Isabella Thomas,4,Good app but please add support for dark mode toggle soon! UI is currently too bright.,2026-06-10,ProductHunt
